{
    "1": {
        "distance": [
            364.0
        ],
        "angle": [
            344.1485613828839
        ]
    },
    "2": {
        "distance": [
            364.0,
            365.0,
            366.0
        ],
        "angle": [
            159.5720627296408,
            339.55340715931493,
            159.53480287414868
        ]
    },
    "3": {
        "distance": [
            366.0,
            367.0
        ],
        "angle": [
            339.5503513671448,
            339.5318744534065
        ]
    },
    "4": {
        "distance": [
            367.0,
            369.0
        ],
        "angle": [
            339.5565869770865,
            339.5199350159882
        ]
    },
    "5": {
        "distance": [
            370.0,
            370.0,
            371.0
        ],
        "angle": [
            159.50357690836933,
            339.4990573504849,
            159.48549867683175
        ]
    },
    "6": {
        "distance": [
            372.0,
            373.0
        ],
        "angle": [
            339.4875653973211,
            339.4696816906292
        ]
    },
    "7": {
        "distance": [
            374.0,
            379.0
        ],
        "angle": [
            339.5023389595893,
            339.41481547848844
        ]
    },
    "8": {
        "distance": [
            384.0
        ],
        "angle": [
            334.5224802406471
        ]
    },
    "9": {
        "distance": [],
        "angle": []
    },
    "10": {
        "distance": [],
        "angle": []
    }
}